zip_code,pm25,o3,temperature,humidity,risk,date,city,country
1000,86,2,19.1,92.3,0,2022-01-01,São Paulo,BRA
1000,69,3,20.2,93.8,0,2022-01-02,São Paulo,BRA
1000,93,2,20.5,94.0,0,2022-01-03,São Paulo,BRA
1000,96,14,20.3,94.8,0,2022-01-04,São Paulo,BRA
1000,73,2,21.1,92.0,0,2022-01-05,São Paulo,BRA
1000,52,4,21.1,90.4,0,2022-01-06,São Paulo,BRA
1000,24,4,19.3,95.7,0,2022-01-07,São Paulo,BRA
1000,34,2,18.2,95.6,0,2022-01-08,São Paulo,BRA
1000,38,2,16.8,95.9,0,2022-01-09,São Paulo,BRA
1000,44,3,16.6,96.5,0,2022-01-10,São Paulo,BRA
1000,80,2,18.7,96.6,0,2022-01-11,São Paulo,BRA
1000,65,8,19.3,96.5,0,2022-01-12,São Paulo,BRA
1000,94,7,20.0,96.0,0,2022-01-13,São Paulo,BRA
1000,51,3,19.9,97.1,0,2022-01-14,São Paulo,BRA
1000,124,8,21.7,97.7,1,2022-01-15,São Paulo,BRA
1000,165,2,21.8,92.5,2,2022-01-16,São Paulo,BRA
1000,97,3,20.8,86.6,0,2022-01-17,São Paulo,BRA
1000,124,4,21.8,85.9,1,2022-01-18,São Paulo,BRA
1000,124,28,22.1,91.9,1,2022-01-19,São Paulo,BRA
1000,131,17,21.4,96.2,1,2022-01-20,São Paulo,BRA
1000,152,39,21.6,96.4,2,2022-01-21,São Paulo,BRA
1000,72,14,19.7,96.0,0,2022-01-22,São Paulo,BRA
1000,84,23,20.4,94.4,0,2022-01-23,São Paulo,BRA
1000,130,60,21.9,93.9,1,2022-01-24,São Paulo,BRA
1000,91,50,21.6,93.6,0,2022-01-25,São Paulo,BRA
1000,106,45,22.1,94.5,1,2022-01-26,São Paulo,BRA
1000,94,8,23.3,76.0,0,2022-01-27,São Paulo,BRA
1000,94,35,21.9,87.5,0,2022-01-28,São Paulo,BRA
1000,38,14,19.1,95.1,0,2022-01-29,São Paulo,BRA
1000,76,3,19.3,94.6,0,2022-01-30,São Paulo,BRA
1000,82,1,19.9,93.8,0,2022-01-31,São Paulo,BRA
1000,59,3,20.3,92.0,0,2022-02-01,São Paulo,BRA
1000,76,4,19.1,95.7,0,2022-02-02,São Paulo,BRA
1000,78,4,20.2,95.5,0,2022-02-03,São Paulo,BRA
1000,71,8,20.7,92.4,0,2022-02-04,São Paulo,BRA
1000,104,1,22.5,87.0,1,2022-02-05,São Paulo,BRA
1000,60,2,21.6,89.8,0,2022-02-06,São Paulo,BRA
1000,57,6,21.2,93.3,0,2022-02-07,São Paulo,BRA
1000,58,2,18.7,89.5,0,2022-02-08,São Paulo,BRA
1000,46,7,18.2,91.4,0,2022-02-09,São Paulo,BRA
1000,43,9,17.3,95.2,0,2022-02-10,São Paulo,BRA
1000,40,3,17.9,93.4,0,2022-02-11,São Paulo,BRA
1000,39,1,18.7,91.9,0,2022-02-12,São Paulo,BRA
1000,41,2,18.9,93.2,0,2022-02-13,São Paulo,BRA
1000,82,15,19.9,97.0,0,2022-02-14,São Paulo,BRA
1000,94,16,21.1,87.1,0,2022-02-15,São Paulo,BRA
1000,49,7,19.7,87.5,0,2022-02-16,São Paulo,BRA
1000,52,3,18.6,94.2,0,2022-02-17,São Paulo,BRA
1000,53,8,19.1,93.3,0,2022-02-18,São Paulo,BRA
1000,50,5,17.9,93.8,0,2022-02-19,São Paulo,BRA
1000,100,15,19.7,93.2,0,2022-02-20,São Paulo,BRA
1000,125,7,19.5,91.6,1,2022-02-21,São Paulo,BRA
1000,154,5,21.4,86.1,2,2022-02-22,São Paulo,BRA
1000,152,26,20.5,90.7,2,2022-02-23,São Paulo,BRA
1000,99,27,20.8,93.8,0,2022-02-24,São Paulo,BRA
1000,69,13,20.2,94.0,0,2022-02-25,São Paulo,BRA
1000,82,11,20.5,95.3,0,2022-02-26,São Paulo,BRA
1000,72,18,19.3,93.3,0,2022-02-27,São Paulo,BRA
1000,85,19,21.3,94.4,0,2022-02-28,São Paulo,BRA
1000,161,9,23.6,77.5,2,2022-03-01,São Paulo,BRA
1000,89,23,21.2,93.6,0,2022-03-02,São Paulo,BRA
1000,135,7,21.4,94.1,1,2022-03-03,São Paulo,BRA
1000,152,55,22.2,96.4,2,2022-03-04,São Paulo,BRA
1000,104,19,21.3,94.7,1,2022-03-05,São Paulo,BRA
1000,110,22,20.9,92.4,1,2022-03-06,São Paulo,BRA
1000,121,11,20.7,93.8,1,2022-03-07,São Paulo,BRA
1000,158,37,22.9,88.9,2,2022-03-08,São Paulo,BRA
1000,97,49,22.3,92.1,0,2022-03-09,São Paulo,BRA
1000,78,29,21.6,93.9,0,2022-03-10,São Paulo,BRA
1000,115,14,23.6,75.6,1,2022-03-11,São Paulo,BRA
1000,108,10,23.1,77.8,1,2022-03-12,São Paulo,BRA
1000,37,5,20.2,93.9,0,2022-03-13,São Paulo,BRA
1000,80,1,20.3,97.9,0,2022-03-14,São Paulo,BRA
1000,71,3,20.1,94.3,0,2022-03-15,São Paulo,BRA
1000,53,5,20.4,95.2,0,2022-03-16,São Paulo,BRA
1000,91,5,20.8,96.1,0,2022-03-17,São Paulo,BRA
1000,153,0,23.6,77.8,2,2022-03-18,São Paulo,BRA
1000,126,7,22.9,85.8,1,2022-03-19,São Paulo,BRA
1000,42,19,20.5,93.9,0,2022-03-20,São Paulo,BRA
1000,40,8,17.3,95.6,0,2022-03-21,São Paulo,BRA
1000,37,6,17.1,87.0,0,2022-03-22,São Paulo,BRA
1000,51,3,16.7,92.3,0,2022-03-23,São Paulo,BRA
1000,140,7,20.2,87.9,1,2022-03-24,São Paulo,BRA
1000,154,3,21.6,77.7,2,2022-03-25,São Paulo,BRA
1000,124,5,22.1,85.4,1,2022-03-26,São Paulo,BRA
1000,112,5,21.4,87.2,1,2022-03-27,São Paulo,BRA
1000,87,10,20.5,96.6,0,2022-03-28,São Paulo,BRA
1000,50,6,19.7,96.7,0,2022-03-29,São Paulo,BRA
1000,70,6,19.8,97.7,0,2022-03-30,São Paulo,BRA
1000,127,1,21.7,80.4,1,2022-03-31,São Paulo,BRA
1000,26,8,17.1,91.1,0,2022-04-01,São Paulo,BRA
1000,27,4,17.1,95.2,0,2022-04-02,São Paulo,BRA
1000,28,7,17.9,94.6,0,2022-04-03,São Paulo,BRA
1000,42,3,20.0,97.8,0,2022-04-04,São Paulo,BRA
1000,119,1,21.7,95.6,1,2022-04-05,São Paulo,BRA
1000,40,7,19.6,95.3,0,2022-04-06,São Paulo,BRA
1000,57,5,17.8,96.8,0,2022-04-07,São Paulo,BRA
1000,54,3,17.6,94.7,0,2022-04-08,São Paulo,BRA
1000,65,13,20.4,92.8,0,2022-04-09,São Paulo,BRA
1000,107,5,20.0,97.5,1,2022-04-10,São Paulo,BRA
1000,59,4,18.5,96.8,0,2022-04-11,São Paulo,BRA
1000,98,6,20.1,94.1,0,2022-04-12,São Paulo,BRA
1000,159,1,19.7,94.7,2,2022-04-13,São Paulo,BRA
1000,53,7,20.1,94.7,0,2022-04-14,São Paulo,BRA
1000,24,13,16.9,90.7,0,2022-04-15,São Paulo,BRA
1000,51,4,13.5,86.0,0,2022-04-16,São Paulo,BRA
1000,51,3,14.3,94.7,0,2022-04-17,São Paulo,BRA
1000,53,3,14.4,94.5,0,2022-04-18,São Paulo,BRA
1000,61,2,15.2,95.8,0,2022-04-19,São Paulo,BRA
1000,62,5,15.8,96.1,0,2022-04-20,São Paulo,BRA
1000,78,2,16.1,95.6,0,2022-04-21,São Paulo,BRA
1000,157,1,16.3,98.6,2,2022-04-22,São Paulo,BRA
1000,159,5,18.7,72.6,2,2022-04-23,São Paulo,BRA
1000,123,4,19.4,76.4,1,2022-04-24,São Paulo,BRA
1000,59,9,17.1,98.1,0,2022-04-25,São Paulo,BRA
1000,119,1,18.8,99.2,1,2022-04-26,São Paulo,BRA
1000,166,2,19.6,95.1,2,2022-04-27,São Paulo,BRA
1000,167,4,21.0,86.1,2,2022-04-28,São Paulo,BRA
1000,168,1,20.9,65.7,2,2022-04-29,São Paulo,BRA
1000,26,17,18.5,94.5,0,2022-04-30,São Paulo,BRA
1000,45,2,18.1,92.8,0,2022-05-01,São Paulo,BRA
1000,160,1,20.8,72.4,2,2022-05-02,São Paulo,BRA
1000,91,34,19.5,96.0,0,2022-05-03,São Paulo,BRA
1000,120,4,19.5,84.1,1,2022-05-04,São Paulo,BRA
1000,44,12,14.6,80.9,0,2022-05-05,São Paulo,BRA
1000,54,4,15.9,93.7,0,2022-05-06,São Paulo,BRA
1000,63,3,13.6,93.7,0,2022-05-07,São Paulo,BRA
1000,52,5,14.4,85.6,0,2022-05-08,São Paulo,BRA
1000,42,4,15.9,93.6,0,2022-05-09,São Paulo,BRA
1000,67,1,15.1,98.2,0,2022-05-10,São Paulo,BRA
1000,132,0,15.7,96.5,1,2022-05-11,São Paulo,BRA
1000,81,8,17.3,90.1,0,2022-05-12,São Paulo,BRA
1000,54,8,15.5,95.3,0,2022-05-13,São Paulo,BRA
1000,47,4,16.3,93.3,0,2022-05-14,São Paulo,BRA
1000,91,2,16.5,99.5,0,2022-05-15,São Paulo,BRA
1000,94,8,16.8,88.5,0,2022-05-16,São Paulo,BRA
1000,77,4,15.0,94.6,0,2022-05-17,São Paulo,BRA
1000,30,12,10.8,58.0,0,2022-05-18,São Paulo,BRA
1000,23,10,9.7,68.3,0,2022-05-19,São Paulo,BRA
1000,65,0,9.2,89.3,0,2022-05-20,São Paulo,BRA
1000,153,0,10.5,98.8,2,2022-05-21,São Paulo,BRA
1000,149,1,11.4,92.8,1,2022-05-22,São Paulo,BRA
1000,130,1,12.4,91.3,1,2022-05-23,São Paulo,BRA
1000,171,2,13.9,91.4,2,2022-05-24,São Paulo,BRA
1000,159,2,14.5,88.8,2,2022-05-25,São Paulo,BRA
1000,167,1,15.3,67.5,2,2022-05-26,São Paulo,BRA
1000,171,3,15.8,76.6,2,2022-05-27,São Paulo,BRA
1000,167,5,16.2,64.5,2,2022-05-28,São Paulo,BRA
1000,173,2,14.9,68.3,2,2022-05-29,São Paulo,BRA
1000,77,5,18.8,54.2,0,2022-05-30,São Paulo,BRA
1000,101,7,18.2,81.5,1,2022-05-31,São Paulo,BRA
1000,40,4,15.1,95.7,0,2022-06-01,São Paulo,BRA
1000,176,1,16.9,99.6,2,2022-06-02,São Paulo,BRA
1000,97,3,15.1,97.0,0,2022-06-03,São Paulo,BRA
1000,35,4,13.8,95.8,0,2022-06-04,São Paulo,BRA
1000,52,3,14.3,94.5,0,2022-06-05,São Paulo,BRA
1000,165,0,14.1,99.3,2,2022-06-06,São Paulo,BRA
1000,156,2,16.3,80.0,2,2022-06-07,São Paulo,BRA
1000,165,2,16.4,97.0,2,2022-06-08,São Paulo,BRA
1000,73,1,15.5,96.4,0,2022-06-09,São Paulo,BRA
1000,159,0,16.4,94.0,2,2022-06-10,São Paulo,BRA
1000,65,1,15.3,96.6,0,2022-06-11,São Paulo,BRA
1000,150,1,12.7,99.1,1,2022-06-12,São Paulo,BRA
1000,151,1,9.4,80.6,2,2022-06-13,São Paulo,BRA
1000,69,2,9.9,95.3,0,2022-06-14,São Paulo,BRA
1000,115,1,12.1,98.5,1,2022-06-15,São Paulo,BRA
1000,169,0,13.1,86.6,2,2022-06-16,São Paulo,BRA
1000,188,0,13.7,83.2,2,2022-06-17,São Paulo,BRA
1000,60,13,19.0,48.2,0,2022-06-18,São Paulo,BRA
1000,52,6,13.1,93.8,0,2022-06-19,São Paulo,BRA
1000,81,2,13.3,98.4,0,2022-06-20,São Paulo,BRA
1000,190,0,12.5,96.8,2,2022-06-21,São Paulo,BRA
1000,160,1,16.3,82.2,2,2022-06-22,São Paulo,BRA
1000,104,1,16.4,65.8,1,2022-06-23,São Paulo,BRA
1000,151,1,16.2,65.5,2,2022-06-24,São Paulo,BRA
1000,188,1,16.3,87.9,2,2022-06-25,São Paulo,BRA
1000,34,4,14.9,93.7,0,2022-06-26,São Paulo,BRA
1000,39,7,13.1,94.4,0,2022-06-27,São Paulo,BRA
1000,126,1,12.7,98.5,1,2022-06-28,São Paulo,BRA
1000,153,2,14.8,82.5,2,2022-06-29,São Paulo,BRA
1000,100,3,15.1,82.7,0,2022-06-30,São Paulo,BRA
1000,177,4,13.9,77.8,2,2022-07-01,São Paulo,BRA
1000,164,9,13.7,90.6,2,2022-07-02,São Paulo,BRA
1000,155,3,15.6,72.2,2,2022-07-03,São Paulo,BRA
1000,180,1,16.3,75.2,2,2022-07-04,São Paulo,BRA
1000,182,7,15.7,75.1,2,2022-07-05,São Paulo,BRA
1000,159,7,13.9,71.4,2,2022-07-06,São Paulo,BRA
1000,169,5,15.2,68.3,2,2022-07-07,São Paulo,BRA
1000,159,2,15.8,65.2,2,2022-07-08,São Paulo,BRA
1000,159,9,14.3,91.7,2,2022-07-09,São Paulo,BRA
1000,137,5,13.9,98.8,1,2022-07-10,São Paulo,BRA
1000,168,3,15.0,73.5,2,2022-07-11,São Paulo,BRA
1000,98,12,17.7,52.6,0,2022-07-12,São Paulo,BRA
1000,59,13,15.6,93.8,0,2022-07-13,São Paulo,BRA
1000,46,8,14.9,96.1,0,2022-07-14,São Paulo,BRA
1000,181,7,17.6,66.0,2,2022-07-15,São Paulo,BRA
1000,137,14,18.1,61.6,1,2022-07-16,São Paulo,BRA
1000,55,17,19.4,57.1,0,2022-07-17,São Paulo,BRA
1000,54,10,15.7,94.8,0,2022-07-18,São Paulo,BRA
1000,60,4,16.4,98.9,0,2022-07-19,São Paulo,BRA
1000,133,33,16.4,99.0,1,2022-07-20,São Paulo,BRA
1000,72,3,16.0,92.6,0,2022-07-21,São Paulo,BRA
1000,170,6,15.9,97.5,2,2022-07-22,São Paulo,BRA
1000,186,10,16.4,70.4,2,2022-07-23,São Paulo,BRA
1000,191,8,16.2,82.1,2,2022-07-24,São Paulo,BRA
1000,226,20,16.1,79.7,2,2022-07-25,São Paulo,BRA
1000,186,7,15.8,87.2,2,2022-07-26,São Paulo,BRA
1000,99,28,15.0,98.3,0,2022-07-27,São Paulo,BRA
1000,166,18,16.4,89.8,2,2022-07-28,São Paulo,BRA
1000,67,17,18.9,48.8,0,2022-07-29,São Paulo,BRA
1000,101,3,12.9,98.5,1,2022-07-30,São Paulo,BRA
1000,80,5,10.2,96.2,0,2022-07-31,São Paulo,BRA
1000,156,4,11.4,97.7,2,2022-08-01,São Paulo,BRA
1000,182,1,15.5,87.7,2,2022-08-02,São Paulo,BRA
1000,194,29,15.1,97.0,2,2022-08-03,São Paulo,BRA
1000,150,6,14.7,93.3,1,2022-08-04,São Paulo,BRA
1000,90,12,19.7,50.7,0,2022-08-05,São Paulo,BRA
1000,65,9,14.0,88.1,0,2022-08-06,São Paulo,BRA
1000,65,5,14.6,96.6,0,2022-08-07,São Paulo,BRA
1000,153,1,17.2,72.6,2,2022-08-08,São Paulo,BRA
1000,112,17,16.1,96.1,1,2022-08-09,São Paulo,BRA
1000,98,8,16.9,92.5,0,2022-08-10,São Paulo,BRA
1000,17,17,10.5,81.9,0,2022-08-11,São Paulo,BRA
1000,52,3,12.4,95.2,0,2022-08-12,São Paulo,BRA
1000,84,2,11.6,97.3,0,2022-08-13,São Paulo,BRA
1000,165,0,13.7,89.2,2,2022-08-14,São Paulo,BRA
1000,176,1,15.7,66.4,2,2022-08-15,São Paulo,BRA
1000,148,4,17.5,57.6,1,2022-08-16,São Paulo,BRA
1000,160,8,16.6,80.7,2,2022-08-17,São Paulo,BRA
1000,123,5,17.0,79.9,1,2022-08-18,São Paulo,BRA
1000,154,8,18.6,68.0,2,2022-08-19,São Paulo,BRA
1000,42,16,9.0,78.2,0,2022-08-20,São Paulo,BRA
1000,41,10,10.2,88.2,0,2022-08-21,São Paulo,BRA
1000,68,2,11.3,90.8,0,2022-08-22,São Paulo,BRA
1000,81,3,11.6,94.0,0,2022-08-23,São Paulo,BRA
1000,88,10,13.3,98.7,0,2022-08-24,São Paulo,BRA
1000,98,7,15.0,99.5,0,2022-08-25,São Paulo,BRA
1000,151,12,15.9,97.1,2,2022-08-26,São Paulo,BRA
1000,185,3,17.8,79.7,2,2022-08-27,São Paulo,BRA
1000,181,5,17.5,81.2,2,2022-08-28,São Paulo,BRA
1000,31,16,15.6,88.6,0,2022-08-29,São Paulo,BRA
1000,55,19,10.0,91.0,0,2022-08-30,São Paulo,BRA
1000,42,11,10.7,95.2,0,2022-08-31,São Paulo,BRA
1000,81,8,11.0,90.7,0,2022-09-01,São Paulo,BRA
1000,168,14,15.7,55.0,2,2022-09-02,São Paulo,BRA
1000,161,4,16.9,71.5,2,2022-09-03,São Paulo,BRA
1000,30,17,13.6,87.8,0,2022-09-04,São Paulo,BRA
1000,55,13,11.9,89.3,0,2022-09-05,São Paulo,BRA
1000,51,11,14.1,87.8,0,2022-09-06,São Paulo,BRA
1000,152,11,14.4,94.1,2,2022-09-07,São Paulo,BRA
1000,148,5,15.8,86.6,1,2022-09-08,São Paulo,BRA
1000,160,4,20.0,61.5,2,2022-09-09,São Paulo,BRA
1000,134,2,20.4,61.9,1,2022-09-10,São Paulo,BRA
1000,52,10,14.7,93.7,0,2022-09-11,São Paulo,BRA
1000,87,9,12.7,90.5,0,2022-09-12,São Paulo,BRA
1000,132,8,16.5,92.6,1,2022-09-13,São Paulo,BRA
1000,184,4,19.7,87.7,2,2022-09-14,São Paulo,BRA
1000,55,2,14.9,95.9,0,2022-09-15,São Paulo,BRA
1000,38,9,14.2,91.4,0,2022-09-16,São Paulo,BRA
1000,29,14,12.4,96.5,0,2022-09-17,São Paulo,BRA
1000,52,4,11.1,95.3,0,2022-09-18,São Paulo,BRA
1000,59,3,11.4,95.5,0,2022-09-19,São Paulo,BRA
1000,131,7,13.9,93.9,1,2022-09-20,São Paulo,BRA
1000,147,22,16.3,95.6,1,2022-09-21,São Paulo,BRA
1000,100,12,14.8,95.9,0,2022-09-22,São Paulo,BRA
1000,90,9,17.5,90.5,0,2022-09-23,São Paulo,BRA
1000,65,5,10.4,83.9,0,2022-09-24,São Paulo,BRA
1000,62,5,10.6,85.3,0,2022-09-25,São Paulo,BRA
1000,75,4,13.7,92.3,0,2022-09-26,São Paulo,BRA
1000,61,16,16.7,90.2,0,2022-09-27,São Paulo,BRA
1000,125,20,16.7,91.2,1,2022-09-28,São Paulo,BRA
1000,30,16,13.2,97.1,0,2022-09-29,São Paulo,BRA
1000,28,10,13.1,95.6,0,2022-09-30,São Paulo,BRA
1000,55,2,15.1,95.2,0,2022-10-01,São Paulo,BRA
1000,91,12,16.3,97.4,0,2022-10-02,São Paulo,BRA
1000,60,6,14.6,96.1,0,2022-10-03,São Paulo,BRA
1000,64,8,15.4,95.3,0,2022-10-04,São Paulo,BRA
1000,74,4,15.8,94.3,0,2022-10-05,São Paulo,BRA
1000,70,4,15.9,97.7,0,2022-10-06,São Paulo,BRA
1000,74,10,21.3,78.0,0,2022-10-07,São Paulo,BRA
1000,58,12,16.6,73.6,0,2022-10-08,São Paulo,BRA
1000,166,1,15.3,70.0,2,2022-10-09,São Paulo,BRA
1000,68,36,17.2,93.7,0,2022-10-10,São Paulo,BRA
1000,79,7,17.8,98.3,0,2022-10-11,São Paulo,BRA
1000,126,3,20.4,89.8,1,2022-10-12,São Paulo,BRA
1000,164,4,18.9,80.8,2,2022-10-13,São Paulo,BRA
1000,167,23,17.7,95.2,2,2022-10-14,São Paulo,BRA
1000,31,21,16.5,92.4,0,2022-10-15,São Paulo,BRA
1000,31,3,17.4,95.5,0,2022-10-16,São Paulo,BRA
1000,118,9,17.7,97.7,1,2022-10-17,São Paulo,BRA
1000,86,6,16.6,94.8,0,2022-10-18,São Paulo,BRA
1000,52,3,17.0,97.1,0,2022-10-19,São Paulo,BRA
1000,153,2,17.5,89.2,2,2022-10-20,São Paulo,BRA
1000,160,2,20.0,87.2,2,2022-10-21,São Paulo,BRA
1000,62,24,20.5,77.4,0,2022-10-22,São Paulo,BRA
1000,41,14,16.0,93.2,0,2022-10-23,São Paulo,BRA
1000,60,4,16.4,90.2,0,2022-10-24,São Paulo,BRA
1000,47,6,16.5,96.3,0,2022-10-25,São Paulo,BRA
1000,45,4,14.7,96.7,0,2022-10-26,São Paulo,BRA
1000,105,5,17.5,96.8,1,2022-10-27,São Paulo,BRA
1000,159,3,23.1,58.2,2,2022-10-28,São Paulo,BRA
1000,113,15,19.8,91.5,1,2022-10-29,São Paulo,BRA
1000,109,21,20.1,92.4,1,2022-10-30,São Paulo,BRA
1000,90,9,21.5,78.9,0,2022-10-31,São Paulo,BRA
1000,46,18,18.9,95.8,0,2022-11-01,São Paulo,BRA
1000,39,8,13.5,91.5,0,2022-11-02,São Paulo,BRA
1000,29,11,12.0,94.5,0,2022-11-03,São Paulo,BRA
1000,42,7,11.0,92.2,0,2022-11-04,São Paulo,BRA
1000,38,8,11.7,92.0,0,2022-11-05,São Paulo,BRA
1000,38,5,12.6,90.0,0,2022-11-06,São Paulo,BRA
1000,38,6,13.0,88.8,0,2022-11-07,São Paulo,BRA
1000,43,3,12.9,94.0,0,2022-11-08,São Paulo,BRA
1000,54,10,14.0,90.7,0,2022-11-09,São Paulo,BRA
1000,64,7,15.3,97.3,0,2022-11-10,São Paulo,BRA
1000,66,10,17.9,93.3,0,2022-11-11,São Paulo,BRA
1000,58,7,18.3,96.5,0,2022-11-12,São Paulo,BRA
1000,62,5,16.9,97.8,0,2022-11-13,São Paulo,BRA
1000,101,4,18.8,98.9,1,2022-11-14,São Paulo,BRA
1000,151,3,21.0,72.7,2,2022-11-15,São Paulo,BRA
1000,78,11,16.6,72.1,0,2022-11-16,São Paulo,BRA
1000,54,8,15.6,89.9,0,2022-11-17,São Paulo,BRA
1000,48,18,15.6,90.1,0,2022-11-18,São Paulo,BRA
1000,49,8,14.5,86.5,0,2022-11-19,São Paulo,BRA
1000,42,7,15.9,88.8,0,2022-11-20,São Paulo,BRA
1000,88,7,18.1,95.5,0,2022-11-21,São Paulo,BRA
1000,118,23,18.7,85.5,1,2022-11-22,São Paulo,BRA
1000,77,71,20.8,92.3,0,2022-11-23,São Paulo,BRA
1000,115,18,18.8,93.0,1,2022-11-24,São Paulo,BRA
1000,40,15,17.7,92.4,0,2022-11-25,São Paulo,BRA
1000,46,7,15.0,92.8,0,2022-11-26,São Paulo,BRA
1000,66,8,16.5,90.5,0,2022-11-27,São Paulo,BRA
1000,42,7,17.7,95.6,0,2022-11-28,São Paulo,BRA
1000,49,6,17.8,98.5,0,2022-11-29,São Paulo,BRA
1000,60,6,18.3,96.3,0,2022-11-30,São Paulo,BRA
1000,76,6,18.8,92.5,0,2022-12-01,São Paulo,BRA
1000,84,5,20.5,88.9,0,2022-12-02,São Paulo,BRA
1000,131,28,20.1,94.8,1,2022-12-03,São Paulo,BRA
1000,90,4,20.8,92.8,0,2022-12-04,São Paulo,BRA
1000,66,5,20.1,93.2,0,2022-12-05,São Paulo,BRA
1000,61,2,20.6,92.7,0,2022-12-06,São Paulo,BRA
1000,71,4,19.1,96.0,0,2022-12-07,São Paulo,BRA
1000,48,4,19.1,96.2,0,2022-12-08,São Paulo,BRA
1000,158,3,20.6,81.7,2,2022-12-09,São Paulo,BRA
1000,131,12,19.0,88.7,1,2022-12-10,São Paulo,BRA
1000,157,16,20.6,95.5,2,2022-12-11,São Paulo,BRA
1000,112,20,21.7,91.1,1,2022-12-12,São Paulo,BRA
1000,42,11,21.6,92.0,0,2022-12-13,São Paulo,BRA
1000,45,16,17.2,88.8,0,2022-12-14,São Paulo,BRA
1000,56,10,14.8,87.3,0,2022-12-15,São Paulo,BRA
1000,59,16,17.2,92.7,0,2022-12-16,São Paulo,BRA
1000,55,7,17.6,94.7,0,2022-12-17,São Paulo,BRA
1000,40,6,17.0,93.1,0,2022-12-18,São Paulo,BRA
1000,32,6,17.6,92.0,0,2022-12-19,São Paulo,BRA
1000,25,5,17.9,94.0,0,2022-12-20,São Paulo,BRA
1000,23,8,17.9,95.5,0,2022-12-21,São Paulo,BRA
1000,28,7,16.3,95.0,0,2022-12-22,São Paulo,BRA
1000,39,4,16.0,95.5,0,2022-12-23,São Paulo,BRA
1000,44,3,17.4,89.9,0,2022-12-24,São Paulo,BRA
1000,61,7,17.8,95.0,0,2022-12-25,São Paulo,BRA
1000,63,14,18.8,93.1,0,2022-12-26,São Paulo,BRA
1000,142,5,20.0,93.9,1,2022-12-27,São Paulo,BRA
1000,94,5,19.8,96.1,0,2022-12-28,São Paulo,BRA
1000,33,13,21.1,81.1,0,2022-12-29,São Paulo,BRA
1000,72,14,19.0,95.5,0,2022-12-30,São Paulo,BRA
1000,60,10,18.9,91.3,0,2022-12-31,São Paulo,BRA
1000,99,19,19.4,97.1,0,2023-01-01,São Paulo,BRA
1000,116,29,19.8,96.7,1,2023-01-02,São Paulo,BRA
1000,86,13,20.0,91.3,0,2023-01-03,São Paulo,BRA
1000,60,5,20.7,90.9,0,2023-01-04,São Paulo,BRA
1000,31,11,16.3,92.0,0,2023-01-05,São Paulo,BRA
1000,39,13,16.3,92.7,0,2023-01-06,São Paulo,BRA
1000,41,6,15.9,92.2,0,2023-01-07,São Paulo,BRA
1000,53,4,16.7,89.9,0,2023-01-08,São Paulo,BRA
1000,39,1,18.3,95.5,0,2023-01-09,São Paulo,BRA
1000,31,1,18.4,94.8,0,2023-01-10,São Paulo,BRA
1000,111,1,19.7,95.2,1,2023-01-11,São Paulo,BRA
1000,87,2,20.5,87.0,0,2023-01-12,São Paulo,BRA
1000,137,2,20.2,91.7,1,2023-01-13,São Paulo,BRA
1000,79,1,21.6,89.3,0,2023-01-14,São Paulo,BRA
1000,135,2,21.7,89.8,1,2023-01-15,São Paulo,BRA
1000,160,1,21.2,94.4,2,2023-01-16,São Paulo,BRA
1000,89,36,21.9,96.2,0,2023-01-17,São Paulo,BRA
1000,68,22,21.3,95.4,0,2023-01-18,São Paulo,BRA
1000,67,35,20.2,94.6,0,2023-01-19,São Paulo,BRA
1000,63,9,20.0,94.2,0,2023-01-20,São Paulo,BRA
1000,114,7,18.2,94.8,1,2023-01-21,São Paulo,BRA
1000,130,4,20.4,94.6,1,2023-01-22,São Paulo,BRA
1000,151,2,22.0,83.8,2,2023-01-23,São Paulo,BRA
1000,95,11,20.2,94.8,0,2023-01-24,São Paulo,BRA
1000,55,9,20.0,96.4,0,2023-01-25,São Paulo,BRA
1000,50,13,19.8,95.4,0,2023-01-26,São Paulo,BRA
1000,52,7,17.3,77.4,0,2023-01-27,São Paulo,BRA
1000,54,8,20.2,94.4,0,2023-01-28,São Paulo,BRA
1000,90,27,20.7,93.4,0,2023-01-29,São Paulo,BRA
1000,128,8,19.7,89.8,1,2023-01-30,São Paulo,BRA
1000,138,7,20.1,91.7,1,2023-01-31,São Paulo,BRA
1000,115,4,21.0,90.4,1,2023-02-01,São Paulo,BRA
1000,96,1,20.9,92.5,0,2023-02-02,São Paulo,BRA
1000,66,5,21.7,87.5,0,2023-02-03,São Paulo,BRA
1000,57,8,23.3,78.2,0,2023-02-04,São Paulo,BRA
1000,49,5,21.2,89.3,0,2023-02-05,São Paulo,BRA
1000,59,3,20.6,90.1,0,2023-02-06,São Paulo,BRA
1000,98,6,19.6,97.0,0,2023-02-07,São Paulo,BRA
1000,58,7,19.7,94.8,0,2023-02-08,São Paulo,BRA
1000,46,11,19.1,93.5,0,2023-02-09,São Paulo,BRA
1000,70,18,20.7,93.8,0,2023-02-10,São Paulo,BRA
1000,85,25,20.9,91.1,0,2023-02-11,São Paulo,BRA
1000,102,5,19.7,94.8,1,2023-02-12,São Paulo,BRA
1000,82,4,20.0,93.7,0,2023-02-13,São Paulo,BRA
1000,152,1,21.2,84.2,2,2023-02-14,São Paulo,BRA
1000,98,2,21.4,87.1,0,2023-02-15,São Paulo,BRA
1000,52,7,22.6,85.2,0,2023-02-16,São Paulo,BRA
1000,62,5,22.1,86.4,0,2023-02-17,São Paulo,BRA
1000,67,6,22.6,84.8,0,2023-02-18,São Paulo,BRA
1000,27,7,18.5,92.6,0,2023-02-19,São Paulo,BRA
1000,35,4,18.8,93.0,0,2023-02-20,São Paulo,BRA
1000,90,8,20.0,95.8,0,2023-02-21,São Paulo,BRA
1000,102,2,19.9,92.6,1,2023-02-22,São Paulo,BRA
1000,109,58,19.9,97.1,1,2023-02-23,São Paulo,BRA
1000,82,8,19.5,97.3,0,2023-02-24,São Paulo,BRA
1000,88,4,21.7,88.8,0,2023-02-25,São Paulo,BRA
1000,90,3,21.6,90.5,0,2023-02-26,São Paulo,BRA
1000,104,5,21.4,86.2,1,2023-02-27,São Paulo,BRA
1000,41,11,20.0,93.5,0,2023-02-28,São Paulo,BRA
1000,49,4,20.1,95.9,0,2023-03-01,São Paulo,BRA
1000,100,21,20.1,97.0,0,2023-03-02,São Paulo,BRA
1000,136,25,20.8,96.3,1,2023-03-03,São Paulo,BRA
1000,108,9,21.6,93.6,1,2023-03-04,São Paulo,BRA
1000,104,10,21.0,91.6,1,2023-03-05,São Paulo,BRA
1000,75,11,19.9,88.0,0,2023-03-06,São Paulo,BRA
1000,58,4,19.5,89.7,0,2023-03-07,São Paulo,BRA
1000,88,2,20.6,85.0,0,2023-03-08,São Paulo,BRA
1000,101,2,20.9,91.0,1,2023-03-09,São Paulo,BRA
1000,150,4,20.6,95.1,1,2023-03-10,São Paulo,BRA
1000,51,15,19.5,94.8,0,2023-03-11,São Paulo,BRA
1000,107,3,20.1,95.6,1,2023-03-12,São Paulo,BRA
1000,73,14,19.9,95.8,0,2023-03-13,São Paulo,BRA
1000,73,5,19.7,95.3,0,2023-03-14,São Paulo,BRA
1000,66,5,20.1,95.1,0,2023-03-15,São Paulo,BRA
1000,46,3,19.2,95.7,0,2023-03-16,São Paulo,BRA
1000,54,3,19.0,94.8,0,2023-03-17,São Paulo,BRA
1000,56,1,18.9,94.4,0,2023-03-18,São Paulo,BRA
1000,73,9,19.2,97.2,0,2023-03-19,São Paulo,BRA
1000,131,13,20.4,97.5,1,2023-03-20,São Paulo,BRA
1000,161,10,21.1,91.4,2,2023-03-21,São Paulo,BRA
1000,84,12,20.1,95.6,0,2023-03-22,São Paulo,BRA
1000,72,6,19.2,92.3,0,2023-03-23,São Paulo,BRA
1000,88,5,19.6,97.6,0,2023-03-24,São Paulo,BRA
1000,113,8,21.2,90.0,1,2023-03-25,São Paulo,BRA
1000,118,4,20.7,95.8,1,2023-03-26,São Paulo,BRA
1000,154,3,22.8,78.2,2,2023-03-27,São Paulo,BRA
1000,50,6,18.8,91.6,0,2023-03-28,São Paulo,BRA
1000,53,3,20.1,89.9,0,2023-03-29,São Paulo,BRA
1000,148,1,20.4,94.4,1,2023-03-30,São Paulo,BRA
1000,160,2,21.8,81.4,2,2023-03-31,São Paulo,BRA
1000,118,4,20.5,89.8,1,2023-04-01,São Paulo,BRA
1000,45,6,19.5,93.8,0,2023-04-02,São Paulo,BRA
1000,52,7,16.4,94.2,0,2023-04-03,São Paulo,BRA
1000,68,2,17.0,95.5,0,2023-04-04,São Paulo,BRA
1000,113,19,17.9,96.0,1,2023-04-05,São Paulo,BRA
1000,56,9,18.0,96.2,0,2023-04-06,São Paulo,BRA
1000,49,4,18.3,93.6,0,2023-04-07,São Paulo,BRA
1000,84,3,18.3,96.7,0,2023-04-08,São Paulo,BRA
1000,42,4,17.9,95.0,0,2023-04-09,São Paulo,BRA
1000,44,3,16.7,94.1,0,2023-04-10,São Paulo,BRA
1000,55,2,15.9,93.5,0,2023-04-11,São Paulo,BRA
1000,95,3,17.1,97.0,0,2023-04-12,São Paulo,BRA
1000,154,1,19.2,90.0,2,2023-04-13,São Paulo,BRA
1000,167,1,20.1,95.5,2,2023-04-14,São Paulo,BRA
1000,100,2,19.0,96.1,0,2023-04-15,São Paulo,BRA
1000,52,4,17.9,95.0,0,2023-04-16,São Paulo,BRA
1000,82,1,18.4,96.7,0,2023-04-17,São Paulo,BRA
1000,54,7,20.5,87.3,0,2023-04-18,São Paulo,BRA
1000,27,10,20.2,92.4,0,2023-04-19,São Paulo,BRA
1000,96,3,16.6,77.6,0,2023-04-20,São Paulo,BRA
1000,56,2,13.1,87.7,0,2023-04-21,São Paulo,BRA
1000,61,1,14.3,95.7,0,2023-04-22,São Paulo,BRA
1000,87,7,15.0,97.5,0,2023-04-23,São Paulo,BRA
1000,73,4,16.2,96.6,0,2023-04-24,São Paulo,BRA
1000,79,2,15.4,96.3,0,2023-04-25,São Paulo,BRA
1000,151,1,16.8,99.2,2,2023-04-26,São Paulo,BRA
1000,93,2,17.3,92.9,0,2023-04-27,São Paulo,BRA
1000,60,2,17.8,96.3,0,2023-04-28,São Paulo,BRA
1000,67,3,16.1,97.1,0,2023-04-29,São Paulo,BRA
1000,53,5,16.6,99.1,0,2023-04-30,São Paulo,BRA
1000,97,2,17.5,99.0,0,2023-05-01,São Paulo,BRA
1000,138,9,18.2,97.8,1,2023-05-02,São Paulo,BRA
1000,109,15,17.8,96.5,1,2023-05-03,São Paulo,BRA
1000,162,5,18.7,98.5,2,2023-05-04,São Paulo,BRA
1000,175,0,18.6,83.5,2,2023-05-05,São Paulo,BRA
1000,157,11,18.8,97.9,2,2023-05-06,São Paulo,BRA
1000,137,3,18.4,98.7,1,2023-05-07,São Paulo,BRA
1000,156,1,18.5,97.3,2,2023-05-08,São Paulo,BRA
1000,176,0,19.0,84.2,2,2023-05-09,São Paulo,BRA
1000,55,7,18.9,95.0,0,2023-05-10,São Paulo,BRA
1000,56,4,17.7,92.8,0,2023-05-11,São Paulo,BRA
1000,50,10,15.2,93.5,0,2023-05-12,São Paulo,BRA
1000,42,4,13.5,91.5,0,2023-05-13,São Paulo,BRA
1000,73,1,13.3,95.6,0,2023-05-14,São Paulo,BRA
1000,154,1,14.0,96.3,2,2023-05-15,São Paulo,BRA
1000,0,0,14.7,73.8,0,2023-05-16,São Paulo,BRA
1000,66,2,14.4,91.0,0,2023-05-17,São Paulo,BRA
1000,64,1,12.8,91.5,0,2023-05-18,São Paulo,BRA
1000,130,1,12.4,95.6,1,2023-05-19,São Paulo,BRA
1000,121,1,13.0,97.3,1,2023-05-20,São Paulo,BRA
1000,179,1,13.5,95.6,2,2023-05-21,São Paulo,BRA
1000,173,1,15.4,72.5,2,2023-05-22,São Paulo,BRA
1000,173,0,15.8,90.9,2,2023-05-23,São Paulo,BRA
1000,168,9,15.0,92.2,2,2023-05-24,São Paulo,BRA
1000,132,3,16.9,97.8,1,2023-05-25,São Paulo,BRA
1000,152,10,17.0,95.1,2,2023-05-26,São Paulo,BRA
1000,176,1,17.8,65.5,2,2023-05-27,São Paulo,BRA
1000,162,0,17.9,76.0,2,2023-05-28,São Paulo,BRA
1000,21,12,16.1,91.3,0,2023-05-29,São Paulo,BRA
1000,41,8,15.3,90.1,0,2023-05-30,São Paulo,BRA
1000,76,2,15.2,94.8,0,2023-05-31,São Paulo,BRA
1000,70,2,13.5,98.7,0,2023-06-01,São Paulo,BRA
1000,98,1,15.3,99.2,0,2023-06-02,São Paulo,BRA
1000,119,1,14.2,99.6,1,2023-06-03,São Paulo,BRA
1000,180,1,13.7,91.2,2,2023-06-04,São Paulo,BRA
1000,188,3,13.3,85.3,2,2023-06-05,São Paulo,BRA
1000,158,5,13.2,95.3,2,2023-06-06,São Paulo,BRA
1000,136,4,12.8,99.4,1,2023-06-07,São Paulo,BRA
1000,177,0,14.3,83.7,2,2023-06-08,São Paulo,BRA
1000,189,0,15.1,75.5,2,2023-06-09,São Paulo,BRA
1000,111,1,14.9,74.2,1,2023-06-10,São Paulo,BRA
1000,97,12,15.0,74.4,0,2023-06-11,São Paulo,BRA
1000,69,16,16.6,67.1,0,2023-06-12,São Paulo,BRA
1000,67,13,16.9,93.0,0,2023-06-13,São Paulo,BRA
1000,46,7,15.2,94.4,0,2023-06-14,São Paulo,BRA
1000,50,5,15.4,95.9,0,2023-06-15,São Paulo,BRA
1000,60,6,15.5,94.1,0,2023-06-16,São Paulo,BRA
1000,65,7,11.0,84.3,0,2023-06-17,São Paulo,BRA
1000,144,0,11.8,96.8,1,2023-06-18,São Paulo,BRA
1000,91,1,11.7,97.8,0,2023-06-19,São Paulo,BRA
1000,96,1,12.6,96.7,0,2023-06-20,São Paulo,BRA
1000,171,0,12.5,89.2,2,2023-06-21,São Paulo,BRA
1000,177,1,13.1,82.7,2,2023-06-22,São Paulo,BRA
1000,158,1,13.9,81.3,2,2023-06-23,São Paulo,BRA
1000,151,1,15.6,74.5,2,2023-06-24,São Paulo,BRA
1000,170,0,14.6,81.7,2,2023-06-25,São Paulo,BRA
1000,182,0,15.2,80.0,2,2023-06-26,São Paulo,BRA
1000,186,0,15.8,74.7,2,2023-06-27,São Paulo,BRA
1000,78,5,14.9,74.1,0,2023-06-28,São Paulo,BRA
1000,72,5,15.3,75.9,0,2023-06-29,São Paulo,BRA
1000,18,13,14.8,97.2,0,2023-06-30,São Paulo,BRA
1000,75,2,14.6,99.4,0,2023-07-01,São Paulo,BRA
1000,70,4,15.3,95.5,0,2023-07-02,São Paulo,BRA
1000,57,5,14.0,95.5,0,2023-07-03,São Paulo,BRA
1000,62,5,11.4,96.0,0,2023-07-04,São Paulo,BRA
1000,89,5,12.0,96.8,0,2023-07-05,São Paulo,BRA
1000,101,4,13.3,74.3,1,2023-07-06,São Paulo,BRA
1000,96,6,13.6,69.2,0,2023-07-07,São Paulo,BRA
1000,95,3,14.1,72.6,0,2023-07-08,São Paulo,BRA
1000,66,10,19.1,55.9,0,2023-07-09,São Paulo,BRA
1000,74,1,13.3,99.7,0,2023-07-10,São Paulo,BRA
1000,79,8,18.8,79.7,0,2023-07-11,São Paulo,BRA
1000,152,9,17.0,99.7,2,2023-07-12,São Paulo,BRA
1000,56,11,20.0,51.9,0,2023-07-13,São Paulo,BRA
1000,42,13,16.6,56.2,0,2023-07-14,São Paulo,BRA
1000,40,9,9.8,89.9,0,2023-07-15,São Paulo,BRA
1000,81,3,10.9,97.7,0,2023-07-16,São Paulo,BRA
1000,152,4,14.6,70.8,2,2023-07-17,São Paulo,BRA
1000,122,9,14.6,98.1,1,2023-07-18,São Paulo,BRA
1000,19,14,14.3,93.3,0,2023-07-19,São Paulo,BRA
1000,29,14,14.2,93.0,0,2023-07-20,São Paulo,BRA
1000,60,7,14.4,99.2,0,2023-07-21,São Paulo,BRA
1000,90,13,14.7,99.6,0,2023-07-22,São Paulo,BRA
1000,150,14,15.1,91.6,1,2023-07-23,São Paulo,BRA
1000,152,15,16.8,84.6,2,2023-07-24,São Paulo,BRA
1000,119,14,16.5,75.9,1,2023-07-25,São Paulo,BRA
1000,132,19,17.3,75.4,1,2023-07-26,São Paulo,BRA
1000,96,3,19.2,57.3,0,2023-07-27,São Paulo,BRA
1000,46,9,16.9,94.1,0,2023-07-28,São Paulo,BRA
1000,87,13,16.5,95.8,0,2023-07-29,São Paulo,BRA
1000,38,14,13.2,87.1,0,2023-07-30,São Paulo,BRA
1000,62,5,13.4,99.6,0,2023-07-31,São Paulo,BRA
1000,123,9,15.2,99.2,1,2023-08-01,São Paulo,BRA
1000,118,11,15.2,98.5,1,2023-08-02,São Paulo,BRA
1000,152,6,16.7,70.0,2,2023-08-03,São Paulo,BRA
1000,112,17,16.1,83.1,1,2023-08-04,São Paulo,BRA
1000,153,5,14.8,98.7,2,2023-08-05,São Paulo,BRA
1000,151,28,15.1,81.6,2,2023-08-06,São Paulo,BRA
1000,151,7,18.4,61.3,2,2023-08-07,São Paulo,BRA
1000,88,3,19.4,58.7,0,2023-08-08,São Paulo,BRA
1000,32,16,15.6,90.9,0,2023-08-09,São Paulo,BRA
1000,63,9,16.5,97.2,0,2023-08-10,São Paulo,BRA
1000,123,3,18.9,78.8,1,2023-08-11,São Paulo,BRA
1000,112,8,17.1,85.3,1,2023-08-12,São Paulo,BRA
1000,121,23,17.2,82.3,1,2023-08-13,São Paulo,BRA
1000,42,14,13.6,92.6,0,2023-08-14,São Paulo,BRA
1000,40,8,15.6,96.0,0,2023-08-15,São Paulo,BRA
1000,73,10,16.7,98.9,0,2023-08-16,São Paulo,BRA
1000,152,7,17.8,96.2,2,2023-08-17,São Paulo,BRA
1000,120,2,18.2,77.5,1,2023-08-18,São Paulo,BRA
1000,69,4,21.0,49.7,0,2023-08-19,São Paulo,BRA
1000,68,3,18.4,74.7,0,2023-08-20,São Paulo,BRA
1000,86,12,18.4,59.9,0,2023-08-21,São Paulo,BRA
1000,92,4,17.3,80.0,0,2023-08-22,São Paulo,BRA
1000,63,10,21.6,39.2,0,2023-08-23,São Paulo,BRA
1000,54,12,22.5,47.3,0,2023-08-24,São Paulo,BRA
1000,92,10,22.5,62.7,0,2023-08-25,São Paulo,BRA
1000,13,17,14.9,94.2,0,2023-08-26,São Paulo,BRA
1000,34,19,12.1,90.0,0,2023-08-27,São Paulo,BRA
1000,31,18,11.4,96.7,0,2023-08-28,São Paulo,BRA
1000,18,16,12.8,95.5,0,2023-08-29,São Paulo,BRA
1000,51,5,14.2,94.6,0,2023-08-30,São Paulo,BRA
1000,76,6,14.0,99.7,0,2023-08-31,São Paulo,BRA
1000,127,16,14.1,92.1,1,2023-09-01,São Paulo,BRA
1000,89,26,15.4,98.7,0,2023-09-02,São Paulo,BRA
1000,102,12,19.2,93.7,1,2023-09-03,São Paulo,BRA
1000,73,11,21.5,83.4,0,2023-09-04,São Paulo,BRA
1000,54,13,24.1,64.0,0,2023-09-05,São Paulo,BRA
1000,23,17,15.8,93.1,0,2023-09-06,São Paulo,BRA
1000,26,20,15.6,89.9,0,2023-09-07,São Paulo,BRA
1000,72,9,16.7,95.5,0,2023-09-08,São Paulo,BRA
1000,104,4,19.3,84.2,1,2023-09-09,São Paulo,BRA
1000,59,9,18.5,75.1,0,2023-09-10,São Paulo,BRA
1000,74,11,17.8,99.0,0,2023-09-11,São Paulo,BRA
1000,137,20,20.0,80.0,1,2023-09-12,São Paulo,BRA
1000,121,11,23.1,43.1,1,2023-09-13,São Paulo,BRA
1000,61,11,26.0,37.8,0,2023-09-14,São Paulo,BRA
1000,50,12,13.7,95.5,0,2023-09-15,São Paulo,BRA
1000,38,17,13.6,91.1,0,2023-09-16,São Paulo,BRA
1000,130,9,19.1,77.1,1,2023-09-17,São Paulo,BRA
1000,155,47,22.4,62.5,2,2023-09-18,São Paulo,BRA
1000,108,15,23.8,66.8,1,2023-09-19,São Paulo,BRA
1000,108,32,20.5,75.1,1,2023-09-20,São Paulo,BRA
1000,91,29,18.0,95.8,0,2023-09-21,São Paulo,BRA
1000,111,27,19.4,94.5,1,2023-09-22,São Paulo,BRA
1000,162,50,20.1,90.9,2,2023-09-23,São Paulo,BRA
1000,153,43,22.0,85.1,2,2023-09-24,São Paulo,BRA
1000,146,48,26.6,47.9,1,2023-09-25,São Paulo,BRA
1000,52,18,19.6,91.5,0,2023-09-26,São Paulo,BRA
1000,120,15,26.7,61.4,1,2023-09-27,São Paulo,BRA
1000,19,25,18.5,90.3,0,2023-09-28,São Paulo,BRA
1000,32,19,14.8,86.2,0,2023-09-29,São Paulo,BRA
1000,54,18,16.8,90.2,0,2023-09-30,São Paulo,BRA
1000,93,18,18.6,94.3,0,2023-10-01,São Paulo,BRA
1000,30,16,16.9,95.9,0,2023-10-02,São Paulo,BRA
1000,54,7,16.1,95.6,0,2023-10-03,São Paulo,BRA
1000,118,12,18.0,99.3,1,2023-10-04,São Paulo,BRA
1000,45,14,21.2,88.5,0,2023-10-05,São Paulo,BRA
1000,46,14,17.9,96.3,0,2023-10-06,São Paulo,BRA
1000,105,11,22.9,83.2,1,2023-10-07,São Paulo,BRA
1000,84,14,20.7,95.9,0,2023-10-08,São Paulo,BRA
1000,52,14,21.5,93.4,0,2023-10-09,São Paulo,BRA
1000,31,20,17.0,93.0,0,2023-10-10,São Paulo,BRA
1000,37,16,16.8,95.2,0,2023-10-11,São Paulo,BRA
1000,124,7,22.4,78.4,1,2023-10-12,São Paulo,BRA
1000,36,18,18.3,96.2,0,2023-10-13,São Paulo,BRA
1000,22,17,14.6,91.5,0,2023-10-14,São Paulo,BRA
1000,28,15,15.6,92.8,0,2023-10-15,São Paulo,BRA
1000,61,11,17.4,97.1,0,2023-10-16,São Paulo,BRA
1000,75,37,20.0,94.3,0,2023-10-17,São Paulo,BRA
1000,51,18,20.0,94.5,0,2023-10-18,São Paulo,BRA
1000,27,17,16.9,94.5,0,2023-10-19,São Paulo,BRA
1000,43,17,15.5,92.6,0,2023-10-20,São Paulo,BRA
1000,46,13,15.6,97.8,0,2023-10-21,São Paulo,BRA
1000,41,14,15.8,96.2,0,2023-10-22,São Paulo,BRA
1000,60,16,16.6,97.8,0,2023-10-23,São Paulo,BRA
1000,128,42,18.9,98.5,1,2023-10-24,São Paulo,BRA
1000,93,12,23.0,80.9,0,2023-10-25,São Paulo,BRA
1000,71,12,17.6,92.6,0,2023-10-26,São Paulo,BRA
1000,45,11,17.3,92.6,0,2023-10-27,São Paulo,BRA
1000,50,11,19.0,97.5,0,2023-10-28,São Paulo,BRA
1000,52,10,22.4,77.6,0,2023-10-29,São Paulo,BRA
1000,61,16,21.6,94.2,0,2023-10-30,São Paulo,BRA
1000,93,6,22.6,81.6,0,2023-10-31,São Paulo,BRA
1000,24,20,20.6,94.1,0,2023-11-01,São Paulo,BRA
1000,30,15,16.5,93.8,0,2023-11-02,São Paulo,BRA
1000,52,5,17.6,95.5,0,2023-11-03,São Paulo,BRA
1000,47,27,21.5,90.0,0,2023-11-04,São Paulo,BRA
1000,77,6,15.8,79.4,0,2023-11-05,São Paulo,BRA
1000,53,16,13.3,93.7,0,2023-11-06,São Paulo,BRA
1000,46,15,14.0,94.2,0,2023-11-07,São Paulo,BRA
1000,58,9,15.0,95.0,0,2023-11-08,São Paulo,BRA
1000,153,24,21.6,76.9,2,2023-11-09,São Paulo,BRA
1000,117,6,22.7,86.0,1,2023-11-10,São Paulo,BRA
1000,57,17,19.5,98.1,0,2023-11-11,São Paulo,BRA
1000,100,6,26.0,55.4,0,2023-11-12,São Paulo,BRA
1000,138,26,24.0,77.8,1,2023-11-13,São Paulo,BRA
1000,93,20,24.2,87.2,0,2023-11-14,São Paulo,BRA
1000,79,38,22.0,90.1,0,2023-11-15,São Paulo,BRA
1000,81,14,25.5,77.7,0,2023-11-16,São Paulo,BRA
1000,92,8,25.7,71.0,0,2023-11-17,São Paulo,BRA
1000,95,19,24.1,85.4,0,2023-11-18,São Paulo,BRA
1000,72,10,26.5,63.4,0,2023-11-19,São Paulo,BRA
1000,66,24,19.5,94.2,0,2023-11-20,São Paulo,BRA
1000,28,16,20.2,89.7,0,2023-11-21,São Paulo,BRA
1000,77,30,21.5,92.3,0,2023-11-22,São Paulo,BRA
1000,68,9,23.7,79.6,0,2023-11-23,São Paulo,BRA
1000,43,21,20.3,95.1,0,2023-11-24,São Paulo,BRA
1000,46,13,16.5,83.2,0,2023-11-25,São Paulo,BRA
1000,37,12,15.3,95.2,0,2023-11-26,São Paulo,BRA
1000,62,27,18.2,91.8,0,2023-11-27,São Paulo,BRA
1000,76,20,19.9,95.5,0,2023-11-28,São Paulo,BRA
1000,62,18,20.8,94.7,0,2023-11-29,São Paulo,BRA
1000,38,17,20.2,92.3,0,2023-11-30,São Paulo,BRA
1000,77,27,21.4,95.8,0,2023-12-01,São Paulo,BRA
1000,59,15,20.3,97.3,0,2023-12-02,São Paulo,BRA
1000,130,50,22.2,93.9,1,2023-12-03,São Paulo,BRA
1000,92,37,21.7,90.2,0,2023-12-04,São Paulo,BRA
1000,53,26,21.7,91.3,0,2023-12-05,São Paulo,BRA
1000,65,22,21.0,91.7,0,2023-12-06,São Paulo,BRA
1000,78,19,24.4,75.7,0,2023-12-07,São Paulo,BRA
1000,57,21,24.7,79.9,0,2023-12-08,São Paulo,BRA
1000,26,17,19.6,89.1,0,2023-12-09,São Paulo,BRA
1000,27,12,17.5,89.0,0,2023-12-10,São Paulo,BRA
1000,54,13,19.6,88.0,0,2023-12-11,São Paulo,BRA
1000,19,14,18.0,92.5,0,2023-12-12,São Paulo,BRA
1000,39,14,16.7,95.6,0,2023-12-13,São Paulo,BRA
1000,65,26,19.5,92.8,0,2023-12-14,São Paulo,BRA
1000,107,38,20.9,97.9,1,2023-12-15,São Paulo,BRA
1000,114,49,22.2,90.0,1,2023-12-16,São Paulo,BRA
1000,81,50,23.0,92.2,0,2023-12-17,São Paulo,BRA
1000,115,43,22.3,89.4,1,2023-12-18,São Paulo,BRA
1000,60,25,20.4,91.6,0,2023-12-19,São Paulo,BRA
1000,22,14,19.7,90.4,0,2023-12-20,São Paulo,BRA
1000,25,11,19.1,87.0,0,2023-12-21,São Paulo,BRA
1000,57,27,20.5,92.3,0,2023-12-22,São Paulo,BRA
1000,68,31,21.9,90.5,0,2023-12-23,São Paulo,BRA
1000,73,23,21.2,91.2,0,2023-12-24,São Paulo,BRA
1000,76,31,22.6,89.5,0,2023-12-25,São Paulo,BRA
1000,40,19,24.5,71.0,0,2023-12-26,São Paulo,BRA
1000,55,20,19.3,89.2,0,2023-12-27,São Paulo,BRA
1000,51,13,17.9,88.6,0,2023-12-28,São Paulo,BRA
1000,87,25,20.3,92.0,0,2023-12-29,São Paulo,BRA
1000,96,18,25.4,55.8,0,2023-12-30,São Paulo,BRA
1000,49,20,19.1,86.9,0,2023-12-31,São Paulo,BRA
1000,35,14,18.7,86.4,0,2024-01-01,São Paulo,BRA
1000,53,18,19.3,89.1,0,2024-01-02,São Paulo,BRA
1000,57,34,20.5,87.3,0,2024-01-03,São Paulo,BRA
1000,42,28,20.6,96.3,0,2024-01-04,São Paulo,BRA
1000,25,8,19.5,93.4,0,2024-01-05,São Paulo,BRA
1000,33,9,19.5,92.5,0,2024-01-06,São Paulo,BRA
1000,44,7,19.2,93.5,0,2024-01-07,São Paulo,BRA
1000,84,34,21.7,93.5,0,2024-01-08,São Paulo,BRA
1000,109,37,22.6,85.8,1,2024-01-09,São Paulo,BRA
1000,110,41,23.6,84.1,1,2024-01-10,São Paulo,BRA
1000,79,42,22.2,87.2,0,2024-01-11,São Paulo,BRA
1000,56,24,23.9,76.5,0,2024-01-12,São Paulo,BRA
1000,13,20,21.1,94.0,0,2024-01-13,São Paulo,BRA
1000,35,9,18.2,87.9,0,2024-01-14,São Paulo,BRA
1000,76,22,22.2,91.3,0,2024-01-15,São Paulo,BRA
1000,46,18,23.4,76.8,0,2024-01-16,São Paulo,BRA
1000,76,16,25.1,70.3,0,2024-01-17,São Paulo,BRA
1000,61,20,23.4,92.4,0,2024-01-18,São Paulo,BRA
1000,66,28,24.1,87.0,0,2024-01-19,São Paulo,BRA
1000,48,18,24.1,82.7,0,2024-01-20,São Paulo,BRA
1000,45,12,22.0,91.8,0,2024-01-21,São Paulo,BRA
1000,21,8,19.4,95.9,0,2024-01-22,São Paulo,BRA
1000,28,8,18.6,93.0,0,2024-01-23,São Paulo,BRA
1000,18,15,16.9,90.3,0,2024-01-24,São Paulo,BRA
1000,26,10,18.1,94.9,0,2024-01-25,São Paulo,BRA
1000,15,11,16.5,95.4,0,2024-01-26,São Paulo,BRA
1000,38,12,17.5,93.6,0,2024-01-27,São Paulo,BRA
1000,41,14,18.5,96.7,0,2024-01-28,São Paulo,BRA
1000,59,23,19.7,94.1,0,2024-01-29,São Paulo,BRA
1000,83,20,21.1,82.6,0,2024-01-30,São Paulo,BRA
1000,108,22,21.2,94.3,1,2024-01-31,São Paulo,BRA
1000,128,45,19.7,91.0,1,2024-02-01,São Paulo,BRA
1000,54,37,19.4,95.9,0,2024-02-02,São Paulo,BRA
1000,32,13,18.7,96.9,0,2024-02-03,São Paulo,BRA
1000,90,21,19.9,91.8,0,2024-02-04,São Paulo,BRA
1000,86,19,20.1,96.2,0,2024-02-05,São Paulo,BRA
1000,82,23,20.5,81.1,0,2024-02-06,São Paulo,BRA
1000,80,34,21.0,94.9,0,2024-02-07,São Paulo,BRA
1000,109,37,21.2,94.3,1,2024-02-08,São Paulo,BRA
1000,72,29,21.0,92.9,0,2024-02-09,São Paulo,BRA
1000,71,41,21.1,94.2,0,2024-02-10,São Paulo,BRA
1000,64,37,21.4,85.0,0,2024-02-11,São Paulo,BRA
1000,91,48,22.6,92.5,0,2024-02-12,São Paulo,BRA
1000,69,13,24.2,75.0,0,2024-02-13,São Paulo,BRA
1000,52,8,23.0,81.4,0,2024-02-14,São Paulo,BRA
1000,14,13,20.4,93.6,0,2024-02-15,São Paulo,BRA
1000,49,8,18.3,94.1,0,2024-02-16,São Paulo,BRA
1000,46,9,19.0,94.7,0,2024-02-17,São Paulo,BRA
1000,59,10,19.2,95.4,0,2024-02-18,São Paulo,BRA
1000,55,12,19.5,97.6,0,2024-02-19,São Paulo,BRA
1000,61,19,20.0,95.6,0,2024-02-20,São Paulo,BRA
1000,39,11,19.5,94.9,0,2024-02-21,São Paulo,BRA
1000,44,16,19.5,96.1,0,2024-02-22,São Paulo,BRA
1000,78,14,21.2,95.2,0,2024-02-23,São Paulo,BRA
1000,71,20,22.1,92.3,0,2024-02-24,São Paulo,BRA
1000,101,17,21.8,96.6,1,2024-02-25,São Paulo,BRA
1000,46,27,21.5,96.1,0,2024-02-26,São Paulo,BRA
1000,44,10,21.2,94.5,0,2024-02-27,São Paulo,BRA
1000,94,4,24.4,81.5,0,2024-02-28,São Paulo,BRA
1000,71,14,22.1,96.0,0,2024-02-29,São Paulo,BRA
1000,56,12,22.7,95.0,0,2024-03-01,São Paulo,BRA
1000,23,13,20.8,95.2,0,2024-03-02,São Paulo,BRA
1000,45,9,18.8,94.2,0,2024-03-03,São Paulo,BRA
1000,94,33,21.4,95.9,0,2024-03-04,São Paulo,BRA
1000,83,42,22.1,97.7,0,2024-03-05,São Paulo,BRA
1000,48,14,21.2,94.8,0,2024-03-06,São Paulo,BRA
1000,22,11,20.5,94.4,0,2024-03-07,São Paulo,BRA
1000,37,14,21.3,92.7,0,2024-03-08,São Paulo,BRA
1000,51,15,22.5,91.8,0,2024-03-09,São Paulo,BRA
1000,64,8,22.6,92.0,0,2024-03-10,São Paulo,BRA
1000,36,12,21.3,97.3,0,2024-03-11,São Paulo,BRA
1000,45,16,18.9,95.1,0,2024-03-12,São Paulo,BRA
1000,55,15,18.7,95.4,0,2024-03-13,São Paulo,BRA
1000,76,21,21.2,97.5,0,2024-03-14,São Paulo,BRA
1000,129,40,22.5,97.6,1,2024-03-15,São Paulo,BRA
1000,126,19,24.0,85.9,1,2024-03-16,São Paulo,BRA
1000,107,8,24.7,75.2,1,2024-03-17,São Paulo,BRA
1000,68,20,22.5,92.7,0,2024-03-18,São Paulo,BRA
1000,62,17,22.6,95.6,0,2024-03-19,São Paulo,BRA
1000,113,50,22.5,97.0,1,2024-03-20,São Paulo,BRA
1000,110,18,23.6,88.4,1,2024-03-21,São Paulo,BRA
1000,34,15,21.6,95.1,0,2024-03-22,São Paulo,BRA
1000,35,15,17.8,92.0,0,2024-03-23,São Paulo,BRA
1000,25,12,17.0,95.0,0,2024-03-24,São Paulo,BRA
1000,40,8,18.9,95.4,0,2024-03-25,São Paulo,BRA
1000,52,9,19.0,96.6,0,2024-03-26,São Paulo,BRA
1000,33,16,18.5,93.6,0,2024-03-27,São Paulo,BRA
1000,42,8,18.1,94.6,0,2024-03-28,São Paulo,BRA
1000,53,6,18.9,96.4,0,2024-03-29,São Paulo,BRA
1000,52,18,20.1,93.9,0,2024-03-30,São Paulo,BRA
1000,62,4,18.5,98.7,0,2024-03-31,São Paulo,BRA
1000,130,35,18.6,92.6,1,2024-04-01,São Paulo,BRA
1000,93,16,18.3,95.3,0,2024-04-02,São Paulo,BRA
1000,139,3,21.0,82.7,1,2024-04-03,São Paulo,BRA
1000,89,26,19.7,97.7,0,2024-04-04,São Paulo,BRA
1000,117,54,20.2,96.9,1,2024-04-05,São Paulo,BRA
1000,104,37,19.7,95.3,1,2024-04-06,São Paulo,BRA
1000,19,12,19.1,93.3,0,2024-04-07,São Paulo,BRA
1000,57,13,20.1,96.1,0,2024-04-08,São Paulo,BRA
1000,87,17,20.5,91.5,0,2024-04-09,São Paulo,BRA
1000,98,14,19.9,94.5,0,2024-04-10,São Paulo,BRA
1000,137,48,19.8,97.4,1,2024-04-11,São Paulo,BRA
1000,57,30,20.0,94.7,0,2024-04-12,São Paulo,BRA
1000,53,6,18.9,98.6,0,2024-04-13,São Paulo,BRA
1000,78,22,20.6,96.1,0,2024-04-14,São Paulo,BRA
1000,98,2,20.9,96.8,0,2024-04-15,São Paulo,BRA
1000,70,16,21.2,95.1,0,2024-04-16,São Paulo,BRA
1000,90,5,22.0,89.1,0,2024-04-17,São Paulo,BRA
1000,52,13,20.3,95.9,0,2024-04-18,São Paulo,BRA
1000,47,13,15.8,94.8,0,2024-04-19,São Paulo,BRA
1000,55,9,14.3,92.2,0,2024-04-20,São Paulo,BRA
1000,64,8,16.3,99.5,0,2024-04-21,São Paulo,BRA
1000,131,19,16.8,96.8,1,2024-04-22,São Paulo,BRA
1000,130,19,18.1,82.6,1,2024-04-23,São Paulo,BRA
1000,118,7,19.1,74.1,1,2024-04-24,São Paulo,BRA
1000,77,16,19.6,93.7,0,2024-04-25,São Paulo,BRA
1000,47,14,19.8,96.4,0,2024-04-26,São Paulo,BRA
1000,89,13,19.9,99.4,0,2024-04-27,São Paulo,BRA
1000,97,5,22.1,65.5,0,2024-04-28,São Paulo,BRA
1000,77,15,20.5,92.3,0,2024-04-29,São Paulo,BRA
1000,107,7,22.7,71.7,1,2024-04-30,São Paulo,BRA
1000,136,27,24.1,66.7,1,2024-05-01,São Paulo,BRA
1000,127,11,21.8,63.4,1,2024-05-02,São Paulo,BRA
1000,49,14,21.7,65.4,0,2024-05-03,São Paulo,BRA
1000,120,26,20.2,95.8,1,2024-05-04,São Paulo,BRA
1000,137,15,21.2,69.5,1,2024-05-05,São Paulo,BRA
1000,127,61,20.2,93.8,1,2024-05-06,São Paulo,BRA
1000,99,2,21.3,59.2,0,2024-05-07,São Paulo,BRA
1000,90,4,22.7,61.6,0,2024-05-08,São Paulo,BRA
1000,83,4,22.4,54.9,0,2024-05-09,São Paulo,BRA
1000,42,16,20.5,92.8,0,2024-05-10,São Paulo,BRA
1000,71,7,21.7,65.9,0,2024-05-11,São Paulo,BRA
1000,69,8,20.8,59.9,0,2024-05-12,São Paulo,BRA
1000,56,10,21.3,59.9,0,2024-05-13,São Paulo,BRA
1000,63,6,22.5,46.0,0,2024-05-14,São Paulo,BRA
1000,51,4,17.6,91.7,0,2024-05-15,São Paulo,BRA
1000,47,6,16.3,92.9,0,2024-05-16,São Paulo,BRA
1000,106,3,21.2,71.6,1,2024-05-17,São Paulo,BRA
1000,73,6,21.6,55.3,0,2024-05-18,São Paulo,BRA
1000,86,37,19.3,96.6,0,2024-05-19,São Paulo,BRA
1000,76,5,18.6,96.2,0,2024-05-20,São Paulo,BRA
1000,37,11,17.4,93.2,0,2024-05-21,São Paulo,BRA
1000,72,3,17.4,97.5,0,2024-05-22,São Paulo,BRA
1000,115,4,19.9,73.3,1,2024-05-23,São Paulo,BRA
1000,73,7,20.0,50.4,0,2024-05-24,São Paulo,BRA
1000,49,14,18.1,87.0,0,2024-05-25,São Paulo,BRA
1000,21,16,14.4,90.7,0,2024-05-26,São Paulo,BRA
1000,31,12,15.3,93.8,0,2024-05-27,São Paulo,BRA
1000,69,8,16.4,93.9,0,2024-05-28,São Paulo,BRA
1000,35,10,14.6,83.1,0,2024-05-29,São Paulo,BRA
1000,38,10,10.9,93.3,0,2024-05-30,São Paulo,BRA
1000,52,9,11.9,95.3,0,2024-05-31,São Paulo,BRA
1000,48,8,13.3,97.9,0,2024-06-01,São Paulo,BRA
1000,120,2,13.7,84.2,1,2024-06-02,São Paulo,BRA
1000,126,1,15.4,76.6,1,2024-06-03,São Paulo,BRA
1000,86,1,17.1,79.9,0,2024-06-04,São Paulo,BRA
1000,46,12,14.3,96.9,0,2024-06-05,São Paulo,BRA
1000,110,1,14.3,94.0,1,2024-06-06,São Paulo,BRA
1000,157,15,15.7,96.9,2,2024-06-07,São Paulo,BRA
1000,155,21,15.2,83.5,2,2024-06-08,São Paulo,BRA
1000,150,12,15.8,94.5,1,2024-06-09,São Paulo,BRA
1000,92,9,17.3,67.6,0,2024-06-10,São Paulo,BRA
1000,117,1,16.8,75.5,1,2024-06-11,São Paulo,BRA
1000,154,22,16.3,84.0,2,2024-06-12,São Paulo,BRA
1000,142,6,16.2,92.2,1,2024-06-13,São Paulo,BRA
1000,87,5,16.2,57.7,0,2024-06-14,São Paulo,BRA
1000,101,2,17.0,64.4,1,2024-06-15,São Paulo,BRA
1000,81,4,18.6,62.9,0,2024-06-16,São Paulo,BRA
1000,94,5,17.7,69.5,0,2024-06-17,São Paulo,BRA
1000,74,5,18.2,50.9,0,2024-06-18,São Paulo,BRA
1000,81,3,16.3,58.1,0,2024-06-19,São Paulo,BRA
1000,100,2,16.1,62.5,0,2024-06-20,São Paulo,BRA
1000,157,47,15.3,88.0,2,2024-06-21,São Paulo,BRA
1000,112,13,15.7,75.7,1,2024-06-22,São Paulo,BRA
1000,86,3,18.1,57.6,0,2024-06-23,São Paulo,BRA
1000,62,6,19.2,59.7,0,2024-06-24,São Paulo,BRA
1000,76,5,19.0,72.3,0,2024-06-25,São Paulo,BRA
1000,46,6,16.0,96.7,0,2024-06-26,São Paulo,BRA
1000,55,11,21.5,52.6,0,2024-06-27,São Paulo,BRA
1000,76,4,18.3,80.0,0,2024-06-28,São Paulo,BRA
1000,59,10,19.2,63.3,0,2024-06-29,São Paulo,BRA
1000,25,10,15.7,93.0,0,2024-06-30,São Paulo,BRA
1000,58,9,12.3,91.4,0,2024-07-01,São Paulo,BRA
1000,139,1,11.7,99.2,1,2024-07-02,São Paulo,BRA
1000,150,1,14.2,84.1,1,2024-07-03,São Paulo,BRA
1000,91,5,18.7,53.2,0,2024-07-04,São Paulo,BRA
1000,115,5,16.3,68.7,1,2024-07-05,São Paulo,BRA
1000,107,6,16.4,66.0,1,2024-07-06,São Paulo,BRA
1000,47,4,14.2,98.2,0,2024-07-07,São Paulo,BRA
1000,77,8,14.8,97.8,0,2024-07-08,São Paulo,BRA
1000,20,12,13.7,91.4,0,2024-07-09,São Paulo,BRA
1000,56,4,13.4,96.0,0,2024-07-10,São Paulo,BRA
1000,85,4,16.1,93.1,0,2024-07-11,São Paulo,BRA
1000,98,3,17.4,95.1,0,2024-07-12,São Paulo,BRA
1000,14,12,14.5,94.4,0,2024-07-13,São Paulo,BRA
1000,48,6,12.5,98.5,0,2024-07-14,São Paulo,BRA
1000,74,5,13.6,99.4,0,2024-07-15,São Paulo,BRA
1000,50,7,15.0,97.3,0,2024-07-16,São Paulo,BRA
1000,75,12,14.7,97.4,0,2024-07-17,São Paulo,BRA
1000,151,5,15.7,84.1,2,2024-07-18,São Paulo,BRA
1000,83,7,13.8,97.9,0,2024-07-19,São Paulo,BRA
1000,154,6,12.6,93.5,2,2024-07-20,São Paulo,BRA
1000,116,17,11.8,99.1,1,2024-07-21,São Paulo,BRA
1000,151,8,13.6,87.1,2,2024-07-22,São Paulo,BRA
1000,152,18,14.7,87.6,2,2024-07-23,São Paulo,BRA
1000,154,25,14.3,67.8,2,2024-07-24,São Paulo,BRA
1000,152,15,13.8,92.1,2,2024-07-25,São Paulo,BRA
1000,138,5,17.6,56.3,1,2024-07-26,São Paulo,BRA
1000,161,37,17.1,69.4,2,2024-07-27,São Paulo,BRA
1000,153,10,17.2,81.2,2,2024-07-28,São Paulo,BRA
1000,159,17,17.6,83.5,2,2024-07-29,São Paulo,BRA
1000,70,32,15.4,90.5,0,2024-07-30,São Paulo,BRA
1000,33,14,13.9,93.4,0,2024-07-31,São Paulo,BRA
1000,76,9,14.9,99.2,0,2024-08-01,São Paulo,BRA
1000,126,28,14.5,98.0,1,2024-08-02,São Paulo,BRA
1000,151,16,16.7,69.8,2,2024-08-03,São Paulo,BRA
1000,96,3,18.2,59.7,0,2024-08-04,São Paulo,BRA
1000,97,2,19.0,69.6,0,2024-08-05,São Paulo,BRA
1000,139,11,18.5,87.6,1,2024-08-06,São Paulo,BRA
1000,136,17,20.1,66.3,1,2024-08-07,São Paulo,BRA
1000,57,10,20.5,39.3,0,2024-08-08,São Paulo,BRA
1000,102,8,20.4,71.9,1,2024-08-09,São Paulo,BRA
1000,61,12,15.7,91.9,0,2024-08-10,São Paulo,BRA
1000,82,1,8.3,97.8,0,2024-08-11,São Paulo,BRA
1000,87,17,10.8,73.6,0,2024-08-12,São Paulo,BRA
1000,65,2,10.0,74.5,0,2024-08-13,São Paulo,BRA
1000,61,8,7.5,91.5,0,2024-08-14,São Paulo,BRA
1000,132,8,11.4,96.7,1,2024-08-15,São Paulo,BRA
1000,160,7,15.9,77.8,2,2024-08-16,São Paulo,BRA
1000,165,32,17.7,77.7,2,2024-08-17,São Paulo,BRA
1000,153,16,18.2,63.9,2,2024-08-18,São Paulo,BRA
1000,139,21,18.0,66.5,1,2024-08-19,São Paulo,BRA
1000,153,24,19.9,55.6,2,2024-08-20,São Paulo,BRA
1000,93,20,15.0,99.1,0,2024-08-21,São Paulo,BRA
1000,150,14,17.7,79.1,1,2024-08-22,São Paulo,BRA
1000,117,9,19.7,48.2,1,2024-08-23,São Paulo,BRA
1000,51,25,17.0,86.7,0,2024-08-24,São Paulo,BRA
1000,26,19,16.1,91.0,0,2024-08-25,São Paulo,BRA
1000,48,18,9.9,90.9,0,2024-08-26,São Paulo,BRA
1000,69,7,6.9,92.5,0,2024-08-27,São Paulo,BRA
1000,58,11,8.4,90.7,0,2024-08-28,São Paulo,BRA
1000,83,10,10.9,97.8,0,2024-08-29,São Paulo,BRA
1000,154,20,15.2,94.2,2,2024-08-30,São Paulo,BRA
1000,158,36,17.5,74.3,2,2024-08-31,São Paulo,BRA
1000,151,27,15.9,95.0,2,2024-09-01,São Paulo,BRA
1000,69,22,20.4,43.7,0,2024-09-02,São Paulo,BRA
1000,136,7,15.7,93.1,1,2024-09-03,São Paulo,BRA
1000,180,27,20.2,62.1,2,2024-09-04,São Paulo,BRA
1000,138,24,21.3,54.6,1,2024-09-05,São Paulo,BRA
1000,18,26,16.2,88.5,0,2024-09-06,São Paulo,BRA
1000,59,10,16.7,95.3,0,2024-09-07,São Paulo,BRA
1000,161,15,23.1,60.4,2,2024-09-08,São Paulo,BRA
1000,175,65,23.2,62.2,2,2024-09-09,São Paulo,BRA
1000,182,63,21.6,59.8,2,2024-09-10,São Paulo,BRA
1000,154,15,24.5,39.5,2,2024-09-11,São Paulo,BRA
1000,109,8,23.6,38.5,1,2024-09-12,São Paulo,BRA
1000,112,10,23.3,37.6,1,2024-09-13,São Paulo,BRA
1000,120,7,24.2,32.8,1,2024-09-14,São Paulo,BRA
1000,120,47,21.6,66.7,1,2024-09-15,São Paulo,BRA
1000,24,28,17.6,92.8,0,2024-09-16,São Paulo,BRA
1000,27,29,14.4,95.8,0,2024-09-17,São Paulo,BRA
1000,41,25,13.9,90.4,0,2024-09-18,São Paulo,BRA
1000,60,19,15.2,98.6,0,2024-09-19,São Paulo,BRA
1000,133,30,17.6,98.4,1,2024-09-20,São Paulo,BRA
1000,73,70,18.6,92.0,0,2024-09-21,São Paulo,BRA
1000,162,21,20.1,87.6,2,2024-09-22,São Paulo,BRA
1000,150,47,19.4,90.7,1,2024-09-23,São Paulo,BRA
1000,139,41,20.4,73.2,1,2024-09-24,São Paulo,BRA
1000,160,40,19.9,85.7,2,2024-09-25,São Paulo,BRA
1000,160,55,25.1,61.1,2,2024-09-26,São Paulo,BRA
1000,155,23,26.4,44.9,2,2024-09-27,São Paulo,BRA
1000,50,29,15.5,85.6,0,2024-09-28,São Paulo,BRA
1000,53,18,15.5,87.9,0,2024-09-29,São Paulo,BRA
1000,65,28,16.3,94.1,0,2024-09-30,São Paulo,BRA
01000,147,41,20.7,80.6,1,2024-10-01,São Paulo,BRA
01000,90,10,25.0,37.8,0,2024-10-02,São Paulo,BRA
01000,116,20,18.8,87.5,1,2024-10-03,São Paulo,BRA
01000,41,20,15.9,86.2,0,2024-10-04,São Paulo,BRA
01000,34,21,14.9,93.6,0,2024-10-05,São Paulo,BRA
01000,54,16,14.9,97.1,0,2024-10-06,São Paulo,BRA
01000,71,27,14.4,93.2,0,2024-10-07,São Paulo,BRA
01000,58,20,15.2,90.5,0,2024-10-08,São Paulo,BRA
01000,119,31,16.4,91.6,1,2024-10-09,São Paulo,BRA
01000,47,17,16.9,96.0,0,2024-10-10,São Paulo,BRA
01000,62,20,19.2,96.6,0,2024-10-11,São Paulo,BRA
01000,114,35,21.7,81.3,1,2024-10-12,São Paulo,BRA
01000,52,28,17.2,91.3,0,2024-10-13,São Paulo,BRA
01000,38,18,16.5,92.1,0,2024-10-14,São Paulo,BRA
01000,52,20,15.8,93.2,0,2024-10-15,São Paulo,BRA
01000,86,30,17.5,90.9,0,2024-10-16,São Paulo,BRA
01000,128,31,19.4,86.4,1,2024-10-17,São Paulo,BRA
01000,76,33,16.8,92.7,0,2024-10-18,São Paulo,BRA
01000,56,20,17.8,89.7,0,2024-10-19,São Paulo,BRA
01000,11,22,14.1,95.9,0,2024-10-20,São Paulo,BRA
01000,33,18,17.0,99.2,0,2024-10-21,São Paulo,BRA
01000,71,9,19.6,93.9,0,2024-10-22,São Paulo,BRA
01000,96,16,21.8,96.9,0,2024-10-23,São Paulo,BRA
01000,110,19,21.2,96.1,1,2024-10-24,São Paulo,BRA
01000,29,24,22.0,83.9,0,2024-10-25,São Paulo,BRA
01000,51,21,21.7,82.1,0,2024-10-26,São Paulo,BRA
01000,40,21,18.1,93.3,0,2024-10-27,São Paulo,BRA
01000,47,22,16.2,90.1,0,2024-10-28,São Paulo,BRA
01000,55,10,17.6,95.2,0,2024-10-29,São Paulo,BRA
01000,69,23,16.9,98.0,0,2024-10-30,São Paulo,BRA
01000,39,14,17.1,92.7,0,2024-10-31,São Paulo,BRA
01000,43,15,16.1,93.1,0,2024-11-01,São Paulo,BRA
01000,67,14,18.2,94.8,0,2024-11-02,São Paulo,BRA
01000,120,27,20.0,94.8,1,2024-11-03,São Paulo,BRA
01000,45,16,18.8,93.3,0,2024-11-04,São Paulo,BRA
01000,57,5,20.0,95.4,0,2024-11-05,São Paulo,BRA
01000,73,14,20.0,95.2,0,2024-11-06,São Paulo,BRA
01000,64,19,20.4,94.8,0,2024-11-07,São Paulo,BRA
01000,30,15,20.5,88.6,0,2024-11-08,São Paulo,BRA
01000,14,12,17.9,96.1,0,2024-11-09,São Paulo,BRA
01000,35,14,16.5,90.1,0,2024-11-10,São Paulo,BRA
01000,51,12,14.8,95.5,0,2024-11-11,São Paulo,BRA
01000,97,13,20.2,64.6,0,2024-11-12,São Paulo,BRA
01000,27,27,18.8,84.0,0,2024-11-13,São Paulo,BRA
01000,40,19,15.5,86.8,0,2024-11-14,São Paulo,BRA
01000,41,18,17.2,88.5,0,2024-11-15,São Paulo,BRA
01000,60,15,19.9,88.6,0,2024-11-16,São Paulo,BRA
01000,60,20,19.7,93.1,0,2024-11-17,São Paulo,BRA
01000,95,30,19.8,89.5,0,2024-11-18,São Paulo,BRA
01000,116,40,22.3,79.1,1,2024-11-19,São Paulo,BRA
01000,69,19,19.5,83.0,0,2024-11-20,São Paulo,BRA
01000,95,31,21.2,84.8,0,2024-11-21,São Paulo,BRA
01000,21,18,20.0,84.9,0,2024-11-22,São Paulo,BRA
01000,37,13,18.8,86.4,0,2024-11-23,São Paulo,BRA
01000,26,15,17.3,84.5,0,2024-11-24,São Paulo,BRA
01000,37,15,17.2,81.7,0,2024-11-25,São Paulo,BRA
01000,83,31,21.2,72.8,0,2024-11-26,São Paulo,BRA
01000,101,17,26.6,42.0,1,2024-11-27,São Paulo,BRA
01000,80,26,29.1,37.1,0,2024-11-28,São Paulo,BRA
01000,75,22,23.0,87.4,0,2024-11-29,São Paulo,BRA
01000,109,10,22.2,89.3,1,2024-11-30,São Paulo,BRA
01000,65,29,21.3,88.1,0,2024-12-01,São Paulo,BRA
01000,76,14,21.8,89.6,0,2024-12-02,São Paulo,BRA
01000,63,20,22.6,92.6,0,2024-12-03,São Paulo,BRA
01000,8,25,19.3,94.1,0,2024-12-04,São Paulo,BRA
01000,39,17,17.3,90.5,0,2024-12-05,São Paulo,BRA
01000,87,11,20.6,97.1,0,2024-12-06,São Paulo,BRA
01000,52,28,24.6,80.8,0,2024-12-07,São Paulo,BRA
01000,105,13,21.4,88.2,1,2024-12-08,São Paulo,BRA
01000,71,15,22.0,89.3,0,2024-12-09,São Paulo,BRA
01000,63,10,22.3,88.4,0,2024-12-10,São Paulo,BRA
01000,22,17,19.0,91.1,0,2024-12-11,São Paulo,BRA
01000,36,17,17.4,89.8,0,2024-12-12,São Paulo,BRA
01000,45,19,18.4,84.6,0,2024-12-13,São Paulo,BRA
01000,73,38,21.2,87.8,0,2024-12-14,São Paulo,BRA
01000,53,30,20.5,87.4,0,2024-12-15,São Paulo,BRA
01000,53,29,21.3,83.9,0,2024-12-16,São Paulo,BRA
01000,60,18,22.4,57.8,0,2024-12-17,São Paulo,BRA
01000,41,16,19.4,78.7,0,2024-12-18,São Paulo,BRA
01000,42,15,19.6,79.7,0,2024-12-19,São Paulo,BRA
01000,80,28,24.6,68.7,0,2024-12-20,São Paulo,BRA
01000,74,25,21.4,94.2,0,2024-12-21,São Paulo,BRA
01000,62,26,20.2,94.6,0,2024-12-22,São Paulo,BRA
01000,52,25,20.0,94.0,0,2024-12-23,São Paulo,BRA
01000,13,15,19.0,90.2,0,2024-12-24,São Paulo,BRA
01000,52,11,20.3,86.9,0,2024-12-25,São Paulo,BRA
01000,64,25,22.6,86.0,0,2024-12-26,São Paulo,BRA
01000,46,14,20.6,94.5,0,2024-12-27,São Paulo,BRA
01000,74,13,21.3,88.5,0,2024-12-28,São Paulo,BRA
01000,66,32,21.6,88.7,0,2024-12-29,São Paulo,BRA
01000,42,19,20.0,88.9,0,2024-12-30,São Paulo,BRA
01000,41,18,20.0,89.6,0,2024-12-31,São Paulo,BRA
01000,63,24,21.3,84.5,0,2025-01-01,São Paulo,BRA
